,Count,T_avg,V_avg,W_avg,rain,fog,snow,Thunderstorms,Quarter,Month,Day,Year
0,2,8,10,21,1,0,0,0,1,1,1,2014
1,2,10,10,27,1,0,0,0,1,1,2,2014
2,1,11,11,26,0,0,0,0,1,1,3,2014
3,1,10,11,21,1,0,0,0,1,1,4,2014
4,1,6,10,16,1,0,0,0,1,1,5,2014
5,2,11,10,27,1,0,0,0,1,1,6,2014
6,5,12,11,23,1,0,0,0,1,1,7,2014
7,2,10,11,14,1,0,0,0,1,1,8,2014
8,2,10,11,18,1,0,0,0,1,1,9,2014
9,8,4,10,6,0,1,0,0,1,1,10,2014
10,2,4,5,5,1,1,0,0,1,1,11,2014
11,4,2,5,8,0,1,0,0,1,1,12,2014
12,2,8,11,11,1,0,0,0,1,1,13,2014
13,2,5,11,16,1,0,0,0,1,1,14,2014
14,2,5,11,13,1,0,0,0,1,1,15,2014
15,3,9,11,21,1,0,0,0,1,1,16,2014
16,8,8,10,24,0,0,0,0,1,1,17,2014
17,2,7,13,8,0,0,0,0,1,1,18,2014
18,7,7,11,6,1,0,0,0,1,1,19,2014
19,2,6,12,5,0,0,0,0,1,1,20,2014
20,2,3,10,11,0,1,0,0,1,1,21,2014
21,3,3,12,14,1,0,0,0,1,1,22,2014
22,6,7,10,10,1,0,0,0,1,1,23,2014
23,2,6,12,6,0,0,0,0,1,1,24,2014
24,4,7,12,13,1,0,0,0,1,1,25,2014
25,2,6,11,16,1,0,0,0,1,1,26,2014
26,6,6,10,24,1,0,0,0,1,1,27,2014
27,2,4,11,18,1,0,0,0,1,1,28,2014
28,2,4,11,13,1,0,0,0,1,1,29,2014
29,2,6,12,8,0,0,0,0,1,1,30,2014
30,2,3,7,11,1,1,0,0,1,1,31,2014
31,6,7,11,26,1,0,0,0,1,2,1,2014
32,15,6,11,13,0,0,0,0,1,2,2,2014
33,6,4,12,10,0,0,0,0,1,2,3,2014
34,8,7,10,23,0,0,0,0,1,2,4,2014
35,4,8,11,31,1,0,0,0,1,2,5,2014
36,12,9,11,23,1,0,0,0,1,2,6,2014
37,2,9,11,35,1,0,0,0,1,2,7,2014
38,4,8,10,29,1,0,0,0,1,2,8,2014
39,2,7,10,29,0,0,0,0,1,2,9,2014
40,2,7,10,10,0,0,0,0,1,2,10,2014
41,2,6,11,19,1,0,0,0,1,2,11,2014
42,8,6,11,18,1,0,0,0,1,2,12,2014
43,3,6,11,21,1,0,0,0,1,2,13,2014
44,2,9,10,18,1,0,0,0,1,2,14,2014
45,2,9,11,31,0,0,0,0,1,2,15,2014
46,2,8,11,18,0,0,0,0,1,2,16,2014
47,2,7,11,13,0,0,0,0,1,2,17,2014
48,2,6,13,8,0,0,0,0,1,2,18,2014
49,2,9,12,8,1,0,0,0,1,2,19,2014
50,2,10,10,16,1,0,0,0,1,2,20,2014
51,4,8,10,19,1,0,0,0,1,2,21,2014
52,2,7,10,13,1,0,0,0,1,2,22,2014
53,2,8,9,10,0,1,0,0,1,2,23,2014
54,2,9,11,13,0,0,0,0,1,2,24,2014
55,5,10,10,21,1,0,0,0,1,2,25,2014
56,1,8,11,10,0,0,0,0,1,2,26,2014
57,6,6,10,11,1,0,0,0,1,2,27,2014
58,2,7,11,13,1,0,0,0,1,2,28,2014
59,2,6,12,10,1,0,0,0,1,3,1,2014
60,6,4,8,10,0,0,0,0,1,3,2,2014
61,5,7,11,21,1,0,0,0,1,3,3,2014
62,6,7,10,6,0,0,0,0,1,3,4,2014
63,2,7,11,5,0,0,0,0,1,3,5,2014
64,7,8,11,5,0,0,0,0,1,3,6,2014
65,2,8,9,6,0,0,0,0,1,3,7,2014
66,4,10,8,8,0,0,0,0,1,3,8,2014
67,2,12,11,10,0,0,0,0,1,3,9,2014
68,4,11,9,8,0,0,0,0,1,3,10,2014
69,2,12,4,14,0,0,0,0,1,3,11,2014
70,2,11,6,10,0,0,0,0,1,3,12,2014
71,6,11,5,3,0,0,0,0,1,3,13,2014
72,6,12,4,3,0,1,0,0,1,3,14,2014
73,3,11,7,14,0,0,0,0,1,3,15,2014
74,5,12,11,11,0,0,0,0,1,3,16,2014
75,5,8,9,8,0,0,0,0,1,3,17,2014
76,2,11,10,8,0,0,0,0,1,3,18,2014
77,4,12,12,11,0,0,0,0,1,3,19,2014
78,4,12,12,11,0,0,0,0,1,3,20,2014
79,2,11,12,21,1,0,0,0,1,3,21,2014
80,2,10,10,21,1,0,0,0,1,3,22,2014
81,2,7,11,16,1,0,0,0,1,3,23,2014
82,4,6,12,6,0,0,0,0,1,3,24,2014
83,2,6,13,11,1,0,0,0,1,3,25,2014
84,2,7,11,11,0,0,0,0,1,3,26,2014
85,11,6,10,6,0,0,0,0,1,3,27,2014
86,2,8,10,8,0,0,0,0,1,3,28,2014
87,2,12,9,13,0,0,0,0,1,3,29,2014
88,2,12,12,8,0,0,0,0,1,3,30,2014
89,2,13,10,6,0,0,0,0,1,3,31,2014
90,4,13,12,6,0,0,0,0,2,4,1,2014
91,8,13,11,10,0,0,0,0,2,4,2,2014
92,3,14,11,13,0,0,0,0,2,4,3,2014
93,4,12,13,6,1,0,0,0,2,4,4,2014
94,2,12,11,5,0,0,0,0,2,4,5,2014
95,6,16,10,11,0,0,0,0,2,4,6,2014
96,4,17,11,14,0,0,0,1,2,4,7,2014
97,3,11,10,21,1,0,0,0,2,4,8,2014
98,3,9,11,5,0,0,0,0,2,4,9,2014
99,12,11,12,5,0,0,0,0,2,4,10,2014
100,5,12,11,10,0,0,0,0,2,4,11,2014
101,4,11,9,8,0,0,0,0,2,4,12,2014
102,2,11,12,8,0,0,0,0,2,4,13,2014
103,7,11,11,11,0,0,0,0,2,4,14,2014
104,16,9,11,11,0,0,0,0,2,4,15,2014
105,7,9,12,13,0,0,0,0,2,4,16,2014
106,6,12,12,8,0,0,0,0,2,4,17,2014
107,6,11,12,14,0,0,0,0,2,4,18,2014
108,4,9,12,13,1,0,0,0,2,4,19,2014
109,2,13,12,8,0,0,0,0,2,4,20,2014
110,5,12,11,5,1,0,0,0,2,4,21,2014
111,5,15,11,5,1,0,0,1,2,4,22,2014
112,2,12,8,6,1,1,0,0,2,4,23,2014
113,2,15,11,6,1,0,0,0,2,4,24,2014
114,2,13,7,10,1,0,0,1,2,4,25,2014
115,2,10,11,13,1,0,0,1,2,4,26,2014
116,2,11,12,16,1,0,0,0,2,4,27,2014
117,7,11,12,10,1,0,0,0,2,4,28,2014
118,9,10,10,6,1,0,0,0,2,4,29,2014
119,5,13,9,8,1,1,0,0,2,4,30,2014
120,3,12,9,5,1,1,0,1,2,5,1,2014
121,7,12,10,11,1,0,0,0,2,5,2,2014
122,3,10,12,14,0,0,0,0,2,5,3,2014
123,4,10,13,8,0,0,0,0,2,5,4,2014
124,2,13,11,8,0,0,0,0,2,5,5,2014
125,5,16,11,11,1,0,0,0,2,5,6,2014
126,3,14,10,16,1,0,0,0,2,5,7,2014
127,2,12,10,11,1,0,0,0,2,5,8,2014
128,3,17,10,18,0,0,0,0,2,5,9,2014
129,6,14,11,13,1,0,0,0,2,5,10,2014
130,2,12,10,23,1,1,0,1,2,5,11,2014
131,4,11,11,18,1,0,0,1,2,5,12,2014
132,4,11,11,11,1,0,0,0,2,5,13,2014
133,2,11,10,8,0,0,0,0,2,5,14,2014
134,2,11,12,10,0,0,0,0,2,5,15,2014
135,3,12,12,11,0,0,0,0,2,5,16,2014
136,2,15,11,10,0,0,0,0,2,5,17,2014
137,2,16,11,6,0,0,0,0,2,5,18,2014
138,3,18,12,11,0,0,0,0,2,5,19,2014
139,3,18,10,14,1,0,0,0,2,5,20,2014
140,5,16,11,10,1,0,0,1,2,5,21,2014
141,7,16,10,18,1,0,0,0,2,5,22,2014
142,4,14,13,16,1,0,0,0,2,5,23,2014
143,2,12,11,19,1,0,0,0,2,5,24,2014
144,2,13,11,8,0,0,0,0,2,5,25,2014
145,5,14,11,8,1,0,0,0,2,5,26,2014
146,3,14,11,13,1,0,0,0,2,5,27,2014
147,3,14,11,11,1,0,0,0,2,5,28,2014
148,2,14,9,6,1,0,0,0,2,5,29,2014
149,6,17,12,6,0,0,0,0,2,5,30,2014
150,2,16,10,10,0,0,0,0,2,5,31,2014
151,2,14,13,8,0,0,0,0,2,6,1,2014
152,4,16,10,5,0,0,0,0,2,6,2,2014
153,2,17,11,6,0,0,0,0,2,6,3,2014
154,3,14,11,10,1,0,0,0,2,6,4,2014
155,3,14,10,13,0,0,0,0,2,6,5,2014
156,5,19,11,8,0,0,0,0,2,6,6,2014
157,2,22,11,10,0,0,0,0,2,6,7,2014
158,2,21,11,8,1,0,0,1,2,6,8,2014
159,1,21,9,10,1,1,0,1,2,6,9,2014
160,6,19,10,8,1,1,0,1,2,6,10,2014
161,8,19,12,8,0,0,0,0,2,6,11,2014
162,5,19,12,13,0,0,0,0,2,6,12,2014
163,7,19,12,13,0,0,0,0,2,6,13,2014
164,1,18,12,13,0,0,0,0,2,6,14,2014
165,4,16,13,16,0,0,0,0,2,6,15,2014
166,5,15,13,16,0,0,0,0,2,6,16,2014
167,6,16,12,16,0,0,0,0,2,6,17,2014
168,5,17,12,16,0,0,0,0,2,6,18,2014
169,10,17,11,10,0,0,0,0,2,6,19,2014
170,8,17,12,10,0,0,0,0,2,6,20,2014
171,8,17,10,10,0,0,0,0,2,6,21,2014
172,9,19,11,10,0,0,0,0,2,6,22,2014
173,3,18,11,13,0,0,0,0,2,6,23,2014
174,6,19,11,10,0,0,0,0,2,6,24,2014
175,2,18,12,10,0,0,0,0,2,6,25,2014
176,3,17,12,6,1,0,0,0,2,6,26,2014
177,3,20,11,6,0,0,0,0,2,6,27,2014
178,9,16,11,5,1,0,0,1,2,6,28,2014
179,7,16,11,8,1,0,0,0,2,6,29,2014
180,2,16,11,5,0,0,0,0,2,6,30,2014
181,6,18,10,10,0,0,0,0,3,7,1,2014
182,10,18,11,13,0,0,0,0,3,7,2,2014
183,7,21,11,5,0,0,0,0,3,7,3,2014
184,1,22,11,10,1,0,0,0,3,7,4,2014
185,2,20,11,19,1,0,0,0,3,7,5,2014
186,2,17,10,18,1,0,0,0,3,7,6,2014
187,3,16,11,5,1,0,0,0,3,7,7,2014
188,6,16,11,6,1,0,0,0,3,7,8,2014
189,15,14,11,10,1,0,0,0,3,7,9,2014
190,9,14,11,14,1,0,0,1,3,7,10,2014
191,7,16,10,8,1,0,0,0,3,7,11,2014
192,4,19,11,5,0,0,0,0,3,7,12,2014
193,3,19,11,10,1,0,0,0,3,7,13,2014
194,7,18,11,10,0,0,0,0,3,7,14,2014
195,3,19,11,5,0,0,0,0,3,7,15,2014
196,5,23,12,5,0,0,0,0,3,7,16,2014
197,3,23,12,10,0,0,0,0,3,7,17,2014
198,5,26,12,8,0,0,0,0,3,7,18,2014
199,2,26,12,10,1,0,0,1,3,7,19,2014
200,4,21,11,10,1,0,0,1,3,7,20,2014
201,6,21,12,13,1,0,0,0,3,7,21,2014
202,2,20,13,11,0,0,0,0,3,7,22,2014
203,2,23,9,8,1,0,0,0,3,7,23,2014
204,4,23,11,10,0,0,0,0,3,7,24,2014
205,10,22,11,8,0,0,0,0,3,7,25,2014
206,2,21,12,8,0,0,0,0,3,7,26,2014
207,3,22,12,6,1,0,0,1,3,7,27,2014
208,2,20,10,8,1,0,0,1,3,7,28,2014
209,2,18,11,10,1,0,0,0,3,7,29,2014
210,2,20,12,10,0,0,0,0,3,7,30,2014
211,2,19,11,3,0,0,0,0,3,7,31,2014
212,2,21,12,5,0,0,0,0,3,8,1,2014
213,9,22,12,10,1,0,0,1,3,8,2,2014
214,2,19,10,8,1,0,0,1,3,8,3,2014
215,2,19,10,8,1,1,0,1,3,8,4,2014
216,2,20,12,5,0,0,0,0,3,8,5,2014
217,2,19,10,8,1,0,0,1,3,8,6,2014
218,3,19,9,3,1,1,0,0,3,8,7,2014
219,3,19,11,8,1,0,0,0,3,8,8,2014
220,2,19,10,16,0,0,0,0,3,8,9,2014
221,2,21,11,13,1,1,0,1,3,8,10,2014
222,2,18,10,13,1,0,0,1,3,8,11,2014
223,2,17,11,13,1,0,0,0,3,8,12,2014
224,2,18,10,10,1,0,0,0,3,8,13,2014
225,2,17,10,11,1,0,0,1,3,8,14,2014
226,2,17,11,13,1,0,0,0,3,8,15,2014
227,4,17,11,6,0,0,0,0,3,8,16,2014
228,1,16,10,13,0,0,0,0,3,8,17,2014
229,2,17,10,16,0,0,0,0,3,8,18,2014
230,4,14,10,10,0,0,0,0,3,8,19,2014
231,2,14,12,6,0,0,0,0,3,8,20,2014
232,2,14,10,5,0,0,0,0,3,8,21,2014
233,1,16,11,8,1,0,0,0,3,8,22,2014
234,2,16,10,10,0,0,0,0,3,8,23,2014
235,2,14,10,6,0,0,0,0,3,8,24,2014
236,2,16,10,10,1,0,0,0,3,8,25,2014
237,2,18,11,11,1,0,0,0,3,8,26,2014
238,2,18,12,6,1,0,0,0,3,8,27,2014
239,2,20,10,10,1,0,0,0,3,8,28,2014
240,2,18,11,5,1,0,0,0,3,8,29,2014
241,2,17,10,10,0,0,0,0,3,8,30,2014
242,2,17,11,11,0,0,0,0,3,8,31,2014
243,2,16,11,3,0,0,0,0,3,9,1,2014
244,3,18,12,8,0,0,0,0,3,9,2,2014
245,1,18,11,10,0,0,0,0,3,9,3,2014
246,3,17,12,10,0,0,0,0,3,9,4,2014
247,2,20,11,6,0,0,0,0,3,9,5,2014
248,2,21,8,5,0,0,0,0,3,9,6,2014
249,2,19,9,5,0,0,0,0,3,9,7,2014
250,2,19,9,8,0,0,0,0,3,9,8,2014
251,7,18,8,8,0,0,0,0,3,9,9,2014
252,3,16,10,13,0,0,0,0,3,9,10,2014
253,10,14,11,10,0,0,0,0,3,9,11,2014
254,4,16,9,10,0,1,0,0,3,9,12,2014
255,2,18,9,13,0,0,0,0,3,9,13,2014
256,5,18,11,13,0,0,0,0,3,9,14,2014
257,2,19,9,6,0,0,0,0,3,9,15,2014
258,8,19,11,6,0,0,0,0,3,9,16,2014
259,3,20,13,8,0,0,0,0,3,9,17,2014
260,2,21,11,6,1,0,0,1,3,9,18,2014
261,4,21,12,6,0,0,0,0,3,9,19,2014
262,9,20,11,6,1,1,0,1,3,9,20,2014
263,6,16,10,6,1,0,0,0,3,9,21,2014
264,10,13,10,6,0,0,0,0,3,9,22,2014
265,2,12,8,8,0,0,0,0,3,9,23,2014
266,3,12,7,6,1,0,0,0,3,9,24,2014
267,3,14,8,5,0,1,0,0,3,9,25,2014
268,7,14,12,5,0,0,0,0,3,9,26,2014
269,2,17,10,8,0,0,0,0,3,9,27,2014
270,2,18,12,8,0,0,0,0,3,9,28,2014
271,6,18,11,6,1,0,0,0,3,9,29,2014
272,5,17,6,3,0,1,0,0,3,9,30,2014
273,6,17,8,3,0,1,0,0,4,10,1,2014
274,5,18,12,3,0,0,0,0,4,10,2,2014
275,9,17,9,5,0,1,0,0,4,10,3,2014
276,2,17,10,8,1,0,0,0,4,10,4,2014
277,4,12,11,13,1,0,0,0,4,10,5,2014
278,2,11,11,10,1,0,0,0,4,10,6,2014
279,3,13,12,16,1,0,0,0,4,10,7,2014
280,9,16,12,16,1,0,0,0,4,10,8,2014
281,2,17,13,18,0,0,0,0,4,10,9,2014
282,5,14,12,11,0,0,0,0,4,10,10,2014
283,5,14,10,8,1,0,0,0,4,10,11,2014
284,2,12,10,10,1,1,0,0,4,10,12,2014
285,4,15,10,21,0,0,0,0,4,10,13,2014
286,3,12,13,8,0,0,0,0,4,10,14,2014
287,8,12,13,6,1,0,0,0,4,10,15,2014
288,3,17,11,14,1,0,0,0,4,10,16,2014
289,5,17,10,11,1,0,0,0,4,10,17,2014
290,5,18,11,10,0,0,0,0,4,10,18,2014
291,1,18,12,8,0,0,0,0,4,10,19,2014
292,6,14,11,5,1,1,0,0,4,10,20,2014
293,9,13,12,18,1,0,0,1,4,10,21,2014
294,8,9,11,14,0,0,0,0,4,10,22,2014
295,4,11,12,8,1,0,0,0,4,10,23,2014
296,5,13,12,11,1,0,0,0,4,10,24,2014
297,2,13,11,3,0,0,0,0,4,10,25,2014
298,2,14,8,5,0,0,0,0,4,10,26,2014
299,7,13,8,5,0,1,0,0,4,10,27,2014
300,3,9,8,10,0,1,0,0,4,10,28,2014
301,5,13,8,5,0,0,0,0,4,10,29,2014
302,6,15,9,6,1,0,0,0,4,10,30,2014
303,5,16,13,6,0,0,0,0,4,10,31,2014
304,4,14,14,8,0,0,0,0,4,11,1,2014
305,2,15,11,14,1,0,0,0,4,11,2,2014
306,2,13,10,23,1,0,0,0,4,11,3,2014
307,6,10,11,6,1,0,0,0,4,11,4,2014
308,5,8,12,11,1,0,0,0,4,11,5,2014
309,7,8,10,10,0,1,0,0,4,11,6,2014
310,2,11,11,23,1,0,0,0,4,11,7,2014
311,4,11,12,14,0,0,0,0,4,11,8,2014
312,7,11,10,13,1,0,0,0,4,11,9,2014
313,7,7,8,6,0,1,0,0,4,11,10,2014
314,2,10,12,10,0,0,0,0,4,11,11,2014
315,3,11,11,16,1,0,0,0,4,11,12,2014
316,5,10,11,11,0,0,0,0,4,11,13,2014
317,6,10,10,13,1,0,0,0,4,11,14,2014
318,2,11,9,6,1,0,0,0,4,11,15,2014
319,2,9,10,10,1,0,0,0,4,11,16,2014
320,4,9,12,8,1,0,0,0,4,11,17,2014
321,2,9,11,8,0,0,0,0,4,11,18,2014
322,2,5,5,6,1,1,0,0,4,11,19,2014
323,9,8,10,11,1,0,0,0,4,11,20,2014
324,3,9,8,6,1,0,0,0,4,11,21,2014
325,2,10,9,6,0,0,0,0,4,11,22,2014
326,2,11,10,6,0,0,0,0,4,11,23,2014
327,3,10,11,13,1,0,0,0,4,11,24,2014
328,3,9,11,11,1,0,0,0,4,11,25,2014
329,6,11,7,5,1,1,0,0,4,11,26,2014
330,7,10,5,6,1,1,0,0,4,11,27,2014
331,7,11,11,10,0,0,0,0,4,11,28,2014
332,2,7,8,11,0,0,0,0,4,11,29,2014
333,2,4,3,6,1,1,0,0,4,11,30,2014
334,2,3,7,10,1,1,0,0,4,12,1,2014
335,6,3,8,8,1,0,0,0,4,12,2,2014
336,4,2,6,14,1,0,0,0,4,12,3,2014
337,5,3,8,11,0,0,0,0,4,12,4,2014
338,4,4,11,8,1,0,0,0,4,12,5,2014
339,4,4,11,8,0,0,0,0,4,12,6,2014
340,2,2,6,6,1,1,0,0,4,12,7,2014
341,3,3,9,8,1,0,0,0,4,12,8,2014
342,4,2,12,6,0,1,0,0,4,12,9,2014
343,5,8,11,14,1,0,0,0,4,12,10,2014
344,4,8,10,19,0,0,0,0,4,12,11,2014
345,8,10,10,26,1,0,0,0,4,12,12,2014
346,4,3,10,8,1,0,0,0,4,12,13,2014
347,2,1,3,5,0,1,0,0,4,12,14,2014
348,8,3,8,11,1,0,0,0,4,12,15,2014
349,2,8,8,6,1,0,0,0,4,12,16,2014
350,7,9,9,13,1,0,0,0,4,12,17,2014
351,3,12,9,18,1,0,0,0,4,12,18,2014
352,5,10,10,24,1,0,0,0,4,12,19,2014
353,2,8,10,13,1,0,0,0,4,12,20,2014
354,2,7,10,11,0,0,0,0,4,12,21,2014
355,10,10,11,21,0,0,0,0,4,12,22,2014
356,3,9,10,14,0,0,0,0,4,12,23,2014
357,4,9,10,18,1,0,0,0,4,12,24,2014
358,1,6,11,8,1,0,0,0,4,12,25,2014
359,2,2,9,6,1,0,0,0,4,12,26,2014
360,2,4,10,27,1,0,0,0,4,12,27,2014
361,2,-2,11,19,1,0,0,0,4,12,28,2014
362,8,-1,10,8,1,0,0,0,4,12,29,2014
363,5,3,9,6,0,1,0,0,4,12,30,2014
364,12,3,10,3,0,0,0,0,4,12,31,2014
365,3,1,7,6,0,1,0,0,1,1,1,2015
366,2,6,10,13,0,0,0,0,1,1,2,2015
367,2,6,7,11,1,1,0,0,1,1,3,2015
368,10,3,10,8,0,0,0,0,1,1,4,2015
369,4,-1,3,6,0,1,0,0,1,1,5,2015
370,2,2,7,8,0,1,0,0,1,1,6,2015
371,2,3,4,8,0,1,0,0,1,1,7,2015
372,8,8,11,16,1,0,0,0,1,1,8,2015
373,2,11,11,23,1,0,0,0,1,1,9,2015
374,2,11,10,29,1,0,0,0,1,1,10,2015
375,3,7,10,14,0,0,0,0,1,1,11,2015
376,2,8,10,24,0,0,0,0,1,1,12,2015
377,4,9,11,26,1,0,0,0,1,1,13,2015
378,3,7,11,23,1,0,0,0,1,1,14,2015
379,9,8,11,34,1,0,0,0,1,1,15,2015
380,3,7,11,13,1,0,0,0,1,1,16,2015
381,4,3,9,8,0,0,0,0,1,1,17,2015
382,2,3,12,11,0,0,0,0,1,1,18,2015
383,3,2,11,6,1,0,1,0,1,1,19,2015
384,4,0,6,5,0,1,0,0,1,1,20,2015
385,3,1,12,11,0,0,0,0,1,1,21,2015
386,4,-1,6,10,0,0,0,0,1,1,22,2015
387,8,1,6,10,0,0,0,0,1,1,23,2015
388,2,2,9,13,1,0,1,0,1,1,24,2015
389,2,2,10,5,0,0,0,0,1,1,25,2015
390,2,7,10,11,1,0,0,0,1,1,26,2015
391,4,4,12,8,0,0,0,0,1,1,27,2015
392,2,7,11,14,1,0,0,0,1,1,28,2015
393,11,3,10,18,1,1,1,1,1,1,29,2015
394,6,3,10,16,1,0,1,0,1,1,30,2015
395,5,3,11,10,1,0,0,0,1,1,31,2015
396,5,3,12,18,1,0,0,0,1,2,1,2015
397,2,2,12,10,1,0,1,0,1,2,2,2015
398,8,1,13,3,0,0,0,0,1,2,3,2015
399,11,2,11,11,0,0,0,0,1,2,4,2015
400,7,1,11,14,0,0,0,0,1,2,5,2015
401,4,-1,11,23,0,0,0,0,1,2,6,2015
402,2,1,11,18,0,0,0,0,1,2,7,2015
403,2,4,12,13,1,0,0,0,1,2,8,2015
404,2,1,8,6,0,0,0,0,1,2,9,2015
405,7,4,9,10,0,0,0,0,1,2,10,2015
406,4,4,11,13,0,0,0,0,1,2,11,2015
407,6,2,3,5,0,1,0,0,1,2,12,2015
408,5,6,8,13,1,0,0,0,1,2,13,2015
409,2,7,11,19,1,0,0,0,1,2,14,2015
410,1,6,12,10,0,0,0,0,1,2,15,2015
411,9,6,8,5,0,1,0,0,1,2,16,2015
412,7,4,11,10,0,0,0,0,1,2,17,2015
413,8,2,4,5,0,1,0,0,1,2,18,2015
414,3,4,8,10,0,0,0,0,1,2,19,2015
415,3,6,12,23,1,0,0,0,1,2,20,2015
416,2,4,12,13,1,0,1,0,1,2,21,2015
417,2,4,10,11,1,1,0,0,1,2,22,2015
418,3,8,10,21,1,0,0,0,1,2,23,2015
419,8,6,11,18,1,0,0,0,1,2,24,2015
420,5,4,10,10,1,1,0,0,1,2,25,2015
421,2,8,5,6,1,1,0,0,1,2,26,2015
422,3,4,11,18,0,0,0,0,1,2,27,2015
423,2,3,12,11,0,0,0,0,1,2,28,2015
424,5,10,11,23,1,0,0,0,1,3,1,2015
425,7,8,10,21,1,0,0,0,1,3,2,2015
426,4,7,11,11,1,0,0,0,1,3,3,2015
427,2,4,11,11,1,0,0,0,1,3,4,2015
428,5,6,11,6,0,1,0,0,1,3,5,2015
429,2,6,11,3,0,0,0,0,1,3,6,2015
430,2,7,11,6,0,0,0,0,1,3,7,2015
431,2,10,10,6,0,0,0,0,1,3,8,2015
432,7,10,10,6,0,0,0,0,1,3,9,2015
433,7,9,8,3,0,0,0,0,1,3,10,2015
434,4,9,10,10,0,0,0,0,1,3,11,2015
435,8,8,11,10,0,0,0,0,1,3,12,2015
436,8,6,13,10,0,0,0,0,1,3,13,2015
437,2,7,10,13,1,0,0,0,1,3,14,2015
438,2,6,8,11,0,0,0,0,1,3,15,2015
439,2,7,9,8,0,0,0,0,1,3,16,2015
440,1,9,8,5,0,0,0,0,1,3,17,2015
441,4,10,5,10,0,0,0,0,1,3,18,2015
442,2,7,7,13,0,0,0,0,1,3,19,2015
443,5,9,4,13,0,0,0,0,1,3,20,2015
444,5,6,5,10,0,0,0,0,1,3,21,2015
445,3,7,13,18,0,0,0,0,1,3,22,2015
446,6,7,10,5,0,0,0,0,1,3,23,2015
447,4,7,9,5,1,0,0,0,1,3,24,2015
448,5,6,12,11,1,0,0,0,1,3,25,2015
449,2,4,10,10,1,0,0,0,1,3,26,2015
450,3,8,13,11,0,0,0,0,1,3,27,2015
451,4,11,9,13,1,0,0,0,1,3,28,2015
452,4,12,10,24,1,0,0,0,1,3,29,2015
453,4,11,10,21,1,0,0,0,1,3,30,2015
454,5,11,12,34,1,0,0,0,1,3,31,2015
455,6,8,12,21,0,0,0,0,2,4,1,2015
456,2,9,10,19,1,0,0,0,2,4,2,2015
457,5,9,10,8,1,0,0,0,2,4,3,2015
458,3,8,10,10,1,0,0,0,2,4,4,2015
459,1,7,13,16,0,0,0,0,2,4,5,2015
460,2,7,11,10,0,0,0,0,2,4,6,2015
461,2,9,10,8,0,0,0,0,2,4,7,2015
462,3,9,9,6,0,0,0,0,2,4,8,2015
463,3,12,9,6,0,0,0,0,2,4,9,2015
464,5,13,10,10,0,0,0,0,2,4,10,2015
465,2,13,11,21,1,0,0,0,2,4,11,2015
466,2,11,9,6,0,1,0,0,2,4,12,2015
467,2,13,12,3,0,0,0,0,2,4,13,2015
468,6,17,11,6,0,0,0,0,2,4,14,2015
469,3,18,11,6,0,0,0,0,2,4,15,2015
470,3,17,10,6,0,0,0,0,2,4,16,2015
471,10,16,10,8,1,0,0,0,2,4,17,2015
472,2,11,13,21,0,0,0,0,2,4,18,2015
473,3,11,13,18,0,0,0,0,2,4,19,2015
474,8,13,12,13,0,0,0,0,2,4,20,2015
475,3,14,12,11,0,0,0,0,2,4,21,2015
476,5,13,12,16,0,0,0,0,2,4,22,2015
477,5,13,10,10,0,0,0,0,2,4,23,2015
478,5,13,12,8,1,0,0,0,2,4,24,2015
479,2,15,10,10,1,0,0,1,2,4,25,2015
480,2,13,11,8,1,0,0,0,2,4,26,2015
481,2,11,10,14,1,0,0,0,2,4,27,2015
482,7,9,11,11,0,0,0,0,2,4,28,2015
483,3,9,11,10,1,0,0,0,2,4,29,2015
484,8,9,10,11,1,0,0,0,2,4,30,2015
485,10,9,10,14,1,0,0,0,2,5,1,2015
486,2,11,11,8,1,0,0,0,2,5,2,2015
487,2,16,9,13,1,0,0,0,2,5,3,2015
488,5,15,11,14,1,0,0,0,2,5,4,2015
489,3,17,11,21,1,0,0,0,2,5,5,2015
490,6,13,11,24,1,0,0,0,2,5,6,2015
491,5,12,11,11,0,0,0,0,2,5,7,2015
492,2,14,10,8,0,0,0,0,2,5,8,2015
493,3,17,10,18,0,0,0,0,2,5,9,2015
494,5,17,11,8,0,0,0,0,2,5,10,2015
495,6,19,11,8,0,0,0,0,2,5,11,2015
496,5,17,11,10,0,0,0,0,2,5,12,2015
497,16,13,11,8,1,0,0,0,2,5,13,2015
498,2,13,11,10,1,1,0,0,2,5,14,2015
499,14,12,12,8,0,0,0,0,2,5,15,2015
500,2,12,11,8,0,0,0,0,2,5,16,2015
501,7,13,12,8,0,0,0,0,2,5,17,2015
502,3,13,12,10,1,0,0,0,2,5,18,2015
503,2,11,10,18,1,0,0,1,2,5,19,2015
504,3,10,11,11,1,0,0,0,2,5,20,2015
505,5,12,11,6,0,0,0,0,2,5,21,2015
506,11,12,13,5,0,0,0,0,2,5,22,2015
507,2,17,11,8,0,0,0,0,2,5,23,2015
508,2,16,12,8,0,0,0,0,2,5,24,2015
509,2,16,11,11,1,0,0,0,2,5,25,2015
510,4,14,11,10,0,0,0,0,2,5,26,2015
511,3,14,12,5,0,0,0,0,2,5,27,2015
512,5,16,14,8,0,0,0,0,2,5,28,2015
513,2,15,11,10,0,0,0,0,2,5,29,2015
514,10,14,10,13,1,0,0,0,2,5,30,2015
515,4,14,11,14,1,0,0,0,2,5,31,2015
516,3,13,15,11,0,0,0,0,2,6,1,2015
517,3,18,13,24,1,0,0,0,2,6,2,2015
518,2,17,12,18,1,0,0,0,2,6,3,2015
519,5,18,19,10,0,0,0,0,2,6,4,2015
520,2,24,17,11,0,0,0,0,2,6,5,2015
521,2,17,13,10,0,0,0,0,2,6,6,2015
522,5,14,17,10,0,0,0,0,2,6,7,2015
523,3,14,22,18,0,0,0,0,2,6,8,2015
524,5,14,14,23,0,0,0,0,2,6,9,2015
525,4,17,16,21,0,0,0,0,2,6,10,2015
526,4,22,22,13,0,0,0,0,2,6,11,2015
527,3,22,14,13,0,0,0,0,2,6,12,2015
528,3,21,17,13,0,0,0,0,2,6,13,2015
529,3,18,19,10,0,0,0,0,2,6,14,2015
530,11,17,11,13,0,0,0,0,2,6,15,2015
531,9,16,14,13,0,0,0,0,2,6,16,2015
532,10,18,15,8,0,0,0,0,2,6,17,2015
533,4,18,10,14,0,0,0,0,2,6,18,2015
534,8,16,14,8,0,0,0,0,2,6,19,2015
535,19,17,14,6,0,0,0,0,2,6,20,2015
536,2,19,12,10,0,0,0,0,2,6,21,2015
537,4,16,12,11,1,0,0,0,2,6,22,2015
538,4,14,12,11,0,0,0,0,2,6,23,2015
539,10,17,15,5,0,0,0,0,2,6,24,2015
540,4,21,22,6,0,0,0,0,2,6,25,2015
541,5,23,19,8,0,0,0,0,2,6,26,2015
542,2,21,12,13,0,0,0,0,2,6,27,2015
543,2,21,19,6,0,0,0,0,2,6,28,2015
544,4,22,18,8,0,0,0,0,2,6,29,2015
545,23,24,21,10,0,0,0,0,2,6,30,2015
546,5,28,13,11,0,0,0,0,3,7,1,2015
547,21,26,17,10,0,0,0,1,3,7,2,2015
548,4,27,21,13,0,0,0,0,3,7,3,2015
549,2,28,17,6,0,0,0,0,3,7,4,2015
550,2,21,13,11,1,0,0,1,3,7,5,2015
551,4,22,22,6,0,0,0,0,3,7,6,2015
552,8,22,10,10,1,0,0,0,3,7,7,2015
553,10,17,11,19,0,0,0,0,3,7,8,2015
554,6,18,14,14,0,0,0,0,3,7,9,2015
555,6,19,16,10,0,0,0,0,3,7,10,2015
556,4,20,20,10,0,0,0,0,3,7,11,2015
557,5,18,11,6,1,0,0,0,3,7,12,2015
558,2,22,10,11,0,0,0,0,3,7,13,2015
559,9,22,12,10,0,0,0,0,3,7,14,2015
560,7,23,14,6,0,0,0,0,3,7,15,2015
561,4,26,17,11,0,0,0,1,3,7,16,2015
562,8,24,13,14,0,0,0,0,3,7,17,2015
563,7,22,11,8,1,0,0,1,3,7,18,2015
564,3,21,12,11,1,0,0,1,3,7,19,2015
565,4,23,10,11,1,0,0,0,3,7,20,2015
566,3,24,11,11,0,0,0,0,3,7,21,2015
567,3,23,10,10,1,0,0,0,3,7,22,2015
568,10,20,13,10,0,0,0,0,3,7,23,2015
569,4,21,10,11,1,0,0,0,3,7,24,2015
570,2,18,11,24,1,0,0,0,3,7,25,2015
571,2,14,11,10,1,0,0,0,3,7,26,2015
572,3,18,10,19,1,0,0,0,3,7,27,2015
573,2,16,11,19,1,0,0,0,3,7,28,2015
574,3,17,12,13,0,0,0,0,3,7,29,2015
575,2,16,11,11,0,0,0,0,3,7,30,2015
576,2,16,25,8,0,0,0,0,3,7,31,2015
577,2,19,19,8,0,0,0,0,3,8,1,2015
578,2,20,19,8,0,0,0,0,3,8,2,2015
579,2,25,20,8,0,0,0,1,3,8,3,2015
580,2,21,11,11,1,0,0,1,3,8,4,2015
581,4,21,25,10,0,0,0,0,3,8,5,2015
582,4,24,19,8,0,0,0,0,3,8,6,2015
583,5,21,11,10,1,0,0,1,3,8,7,2015
584,2,21,19,10,0,0,0,0,3,8,8,2015
585,1,22,13,10,1,0,0,0,3,8,9,2015
586,5,21,19,6,0,0,0,0,3,8,10,2015
587,2,23,12,10,0,0,0,0,3,8,11,2015
588,2,26,18,13,0,0,0,0,3,8,12,2015
589,2,24,12,13,1,0,0,1,3,8,13,2015
590,4,22,12,10,1,0,0,0,3,8,14,2015
591,5,18,12,13,1,0,0,0,3,8,15,2015
592,3,17,12,6,0,0,0,0,3,8,16,2015
593,2,18,13,8,0,0,0,0,3,8,17,2015
594,2,17,26,5,0,0,0,0,3,8,18,2015
595,2,19,18,6,0,0,0,0,3,8,19,2015
596,10,19,11,5,1,0,0,0,3,8,20,2015
597,2,22,9,6,0,0,0,0,3,8,21,2015
598,2,23,18,11,0,0,0,0,3,8,22,2015
599,2,19,12,10,1,0,0,1,3,8,23,2015
600,6,17,11,19,1,0,0,0,3,8,24,2015
601,3,16,11,24,1,0,0,0,3,8,25,2015
602,7,22,11,18,1,0,0,0,3,8,26,2015
603,5,14,9,14,1,0,0,0,3,8,27,2015
604,3,17,10,3,0,1,0,0,3,8,28,2015
605,2,22,10,6,0,0,0,0,3,8,29,2015
606,2,26,21,6,0,0,0,0,3,8,30,2015
607,5,23,15,8,0,0,0,0,3,8,31,2015
608,16,18,11,13,1,0,0,0,3,9,1,2015
609,11,14,13,5,0,0,0,0,3,9,2,2015
610,9,14,14,8,0,0,0,0,3,9,3,2015
611,6,14,11,10,0,0,0,0,3,9,4,2015
612,4,16,10,8,1,0,0,0,3,9,5,2015
613,2,13,10,8,0,0,0,0,3,9,6,2015
614,11,13,14,6,0,0,0,0,3,9,7,2015
615,4,16,11,11,0,0,0,0,3,9,8,2015
616,6,16,18,13,0,0,0,0,3,9,9,2015
617,10,17,19,11,0,0,0,0,3,9,10,2015
618,10,16,12,6,0,0,0,0,3,9,11,2015
619,2,16,10,8,1,1,0,0,3,9,12,2015
620,2,13,8,8,1,1,0,0,3,9,13,2015
621,5,14,11,18,1,0,0,1,3,9,14,2015
622,3,16,13,23,1,0,0,0,3,9,15,2015
623,1,16,9,21,1,0,0,0,3,9,16,2015
624,3,16,11,21,1,0,0,0,3,9,17,2015
625,4,14,11,13,1,0,0,0,3,9,18,2015
626,14,16,12,6,0,0,0,0,3,9,19,2015
627,9,13,14,3,0,0,0,0,3,9,20,2015
628,9,13,15,6,1,0,0,0,3,9,21,2015
629,4,14,10,16,1,0,0,0,3,9,22,2015
630,2,13,12,11,1,0,0,0,3,9,23,2015
631,5,13,12,6,1,0,0,0,3,9,24,2015
632,3,14,7,3,0,1,0,0,3,9,25,2015
633,15,13,14,10,0,0,0,0,3,9,26,2015
634,2,14,20,16,0,0,0,0,3,9,27,2015
635,2,13,23,16,0,0,0,0,3,9,28,2015
636,6,13,23,16,0,0,0,0,3,9,29,2015
637,11,13,23,18,0,0,0,0,3,9,30,2015
638,8,12,26,16,0,0,0,0,4,10,1,2015
639,3,12,22,10,0,0,0,0,4,10,2,2015
640,3,14,15,3,0,0,0,0,4,10,3,2015
641,2,11,9,5,0,0,0,0,4,10,4,2015
642,2,14,12,11,1,0,0,0,4,10,5,2015
643,5,18,9,11,1,0,0,1,4,10,6,2015
644,4,14,11,21,0,0,0,0,4,10,7,2015
645,2,12,12,8,0,0,0,0,4,10,8,2015
646,8,11,13,5,0,0,0,0,4,10,9,2015
647,3,12,8,11,0,0,0,0,4,10,10,2015
648,2,12,8,11,0,0,0,0,4,10,11,2015
649,2,11,8,8,0,0,0,0,4,10,12,2015
650,3,8,9,8,0,0,0,0,4,10,13,2015
651,7,6,9,13,1,0,0,0,4,10,14,2015
652,3,6,10,14,1,0,0,0,4,10,15,2015
653,6,6,5,6,1,0,0,0,4,10,16,2015
654,2,10,8,5,1,0,0,0,4,10,17,2015
655,2,9,10,8,0,0,0,0,4,10,18,2015
656,5,8,6,3,0,1,0,0,4,10,19,2015
657,3,11,7,5,1,0,0,0,4,10,20,2015
658,2,8,9,6,1,1,0,0,4,10,21,2015
659,4,12,9,10,1,0,0,0,4,10,22,2015
660,6,12,11,6,0,0,0,0,4,10,23,2015
661,2,11,13,8,0,0,0,0,4,10,24,2015
662,4,10,10,10,0,1,0,0,4,10,25,2015
663,13,12,7,6,0,1,0,0,4,10,26,2015
664,2,14,11,10,1,0,0,0,4,10,27,2015
665,8,12,10,8,1,0,0,0,4,10,28,2015
666,3,12,14,10,0,0,0,0,4,10,29,2015
667,5,12,14,8,0,0,0,0,4,10,30,2015
668,2,12,8,8,0,0,0,0,4,10,31,2015
669,2,12,7,6,0,1,0,0,4,11,1,2015
670,4,7,3,8,0,1,0,0,4,11,2,2015
671,3,11,12,10,1,0,0,0,4,11,3,2015
672,5,13,11,13,1,0,0,0,4,11,4,2015
673,5,16,11,10,1,0,0,0,4,11,5,2015
674,4,17,10,16,1,0,0,0,4,11,6,2015
675,2,18,11,13,0,0,0,0,4,11,7,2015
676,2,16,8,8,0,1,0,0,4,11,8,2015
677,1,15,12,16,0,0,0,0,4,11,9,2015
678,7,12,12,13,0,0,0,0,4,11,10,2015
679,8,11,8,5,1,1,0,0,4,11,11,2015
680,3,12,7,6,1,1,0,0,4,11,12,2015
681,4,12,12,14,0,0,0,0,4,11,13,2015
682,1,13,11,18,1,0,0,0,4,11,16,2015
683,11,16,10,26,1,0,0,0,4,11,17,2015
684,8,14,12,21,0,0,0,0,4,11,18,2015
685,10,14,10,23,1,0,0,0,4,11,19,2015
686,2,8,10,16,1,0,0,0,4,11,20,2015
687,2,4,11,18,1,0,0,0,4,11,21,2015
688,1,3,16,11,0,0,0,0,4,11,22,2015
689,4,2,10,5,0,0,0,0,4,11,23,2015
690,2,4,11,11,1,0,0,0,4,11,24,2015
691,7,8,12,13,1,0,0,0,4,11,25,2015
692,2,6,12,6,0,1,0,0,4,11,26,2015
693,2,2,5,8,1,1,0,0,4,11,27,2015
694,1,7,11,16,1,0,0,0,4,11,28,2015
695,6,10,11,27,1,0,0,0,4,11,29,2015
696,10,12,10,29,0,0,0,0,4,11,30,2015
697,8,12,10,23,0,0,0,0,4,12,1,2015
698,7,11,11,10,0,0,0,0,4,12,2,2015
699,6,9,15,11,0,0,0,0,4,12,3,2015
700,7,8,13,14,1,0,0,0,4,12,4,2015
701,2,6,14,10,0,0,0,0,4,12,5,2015
702,6,9,13,16,0,0,0,0,4,12,6,2015
703,3,11,16,8,0,0,0,0,4,12,7,2015
704,3,8,13,10,1,0,0,0,4,12,8,2015
705,6,8,12,8,0,0,0,0,4,12,9,2015
706,1,3,10,13,0,0,0,0,4,12,10,2015
707,2,6,13,13,0,0,0,0,4,12,11,2015
708,2,9,12,11,1,0,0,0,4,12,12,2015
709,2,6,9,10,0,0,0,0,4,12,13,2015
710,5,6,5,8,0,0,0,0,4,12,14,2015
711,6,8,10,10,1,0,0,0,4,12,15,2015
712,3,12,12,14,1,0,0,0,4,12,16,2015
713,7,13,15,11,0,0,0,0,4,12,17,2015
714,14,12,11,10,1,0,0,0,4,12,18,2015
715,4,11,11,10,0,0,0,0,4,12,19,2015
716,2,12,20,13,1,0,0,0,4,12,20,2015
717,3,12,11,23,1,0,0,0,4,12,21,2015
718,5,13,10,27,1,0,0,0,4,12,22,2015
719,2,10,13,19,1,0,0,0,4,12,23,2015
720,2,10,13,16,1,0,0,0,4,12,24,2015
721,2,11,14,14,1,0,0,0,4,12,25,2015
722,2,10,16,13,0,0,0,0,4,12,26,2015
723,2,9,14,11,0,0,0,0,4,12,27,2015
724,2,7,14,8,0,0,0,0,4,12,28,2015
725,3,9,14,11,1,0,0,0,4,12,29,2015
726,6,8,19,13,1,0,0,0,4,12,30,2015
727,8,10,15,16,1,0,0,0,4,12,31,2015
728,2,4,11,11,1,0,0,0,1,1,1,2016
729,2,9,13,18,1,0,0,0,1,1,2,2016
730,4,7,10,21,1,0,0,0,1,1,3,2016
731,6,8,13,18,0,0,0,0,1,1,4,2016
732,2,8,10,19,1,0,0,0,1,1,5,2016
733,2,8,11,14,1,0,0,0,1,1,6,2016
734,4,9,12,21,1,0,0,0,1,1,7,2016
735,3,5,13,8,0,0,0,0,1,1,8,2016
736,2,7,7,14,1,1,0,0,1,1,9,2016
737,2,6,10,19,1,0,0,0,1,1,10,2016
738,2,6,11,19,1,0,0,0,1,1,11,2016
739,2,7,11,19,1,0,0,0,1,1,12,2016
740,3,4,13,19,1,0,0,0,1,1,13,2016
741,5,4,12,16,1,0,0,0,1,1,14,2016
742,4,3,11,16,0,0,0,0,1,1,15,2016
743,8,2,15,8,0,0,0,0,1,1,16,2016
744,4,1,12,6,1,0,0,0,1,1,17,2016
745,2,-1,22,13,0,0,0,0,1,1,18,2016
746,1,-3,9,6,0,0,0,0,1,1,19,2016
747,2,-4,5,6,0,1,0,0,1,1,20,2016
748,2,-1,6,6,0,1,0,0,1,1,21,2016
749,3,2,8,8,1,0,0,0,1,1,22,2016
750,4,7,9,10,0,0,0,0,1,1,23,2016
751,1,8,13,8,0,0,0,0,1,1,25,2016
752,4,9,9,13,1,1,0,0,1,1,26,2016
753,1,11,11,26,1,0,0,0,1,1,27,2016
754,1,5,11,11,0,0,0,0,1,1,29,2016
755,7,8,10,24,1,0,0,0,1,1,30,2016
756,2,9,10,21,1,0,0,0,1,2,2,2016
757,2,6,12,16,1,0,0,0,1,2,3,2016
758,2,7,12,14,1,0,0,0,1,2,4,2016
759,1,9,12,13,0,0,0,0,1,2,5,2016
760,2,8,10,26,1,0,0,1,1,2,9,2016
761,1,6,12,11,1,0,0,0,1,2,11,2016
762,3,6,10,13,1,0,0,0,1,2,13,2016
763,2,4,13,11,0,0,0,0,1,2,19,2016
764,1,9,10,24,1,0,0,0,1,2,20,2016
765,2,12,10,24,1,0,0,0,1,2,21,2016
766,1,3,9,10,1,0,0,0,1,3,1,2016
767,3,6,12,18,1,0,0,0,1,3,3,2016
768,4,6,10,16,1,0,0,0,1,3,4,2016
769,3,4,11,11,1,0,1,0,1,3,5,2016
770,1,4,12,10,1,0,1,0,1,3,7,2016
771,7,4,11,8,0,0,0,0,1,3,8,2016
772,1,7,10,24,1,0,0,0,1,3,9,2016
773,2,7,11,8,0,0,0,0,1,3,10,2016
774,4,6,6,8,0,0,0,0,1,3,12,2016
775,1,6,7,13,0,0,0,0,1,3,13,2016
776,1,6,11,21,0,0,0,0,1,3,16,2016
777,3,8,10,13,0,0,0,0,1,3,23,2016
778,10,8,10,8,0,0,0,0,1,3,24,2016
779,2,10,11,32,1,0,0,1,1,3,28,2016
780,5,10,11,19,1,0,0,0,1,3,29,2016
781,4,9,11,11,1,0,0,0,1,3,30,2016
782,5,8,9,11,0,0,0,0,2,4,1,2016
783,6,14,9,8,1,1,0,1,2,4,3,2016
784,1,13,10,14,1,0,0,0,2,4,4,2016
785,2,12,12,10,1,0,0,0,2,4,5,2016
786,1,11,12,13,1,0,0,0,2,4,6,2016
787,2,8,11,16,1,0,0,1,2,4,7,2016
788,2,9,12,10,1,0,0,0,2,4,8,2016
789,5,8,10,6,1,0,0,0,2,4,9,2016
790,1,10,9,8,1,1,0,0,2,4,12,2016
791,2,12,12,8,1,0,0,1,2,4,13,2016
792,1,11,12,6,1,0,0,0,2,4,14,2016
793,2,7,12,10,1,0,0,0,2,4,17,2016
794,6,8,18,6,0,0,0,0,2,4,18,2016
795,14,14,22,11,0,0,0,0,2,4,21,2016
796,5,13,13,5,1,0,0,0,2,4,22,2016
797,3,8,11,13,1,0,0,0,2,4,23,2016
798,7,6,10,10,1,0,0,0,2,4,24,2016
799,4,7,12,13,1,0,0,0,2,4,25,2016
800,4,6,11,13,1,0,0,0,2,4,26,2016
801,4,6,13,11,0,0,0,0,2,4,27,2016
802,1,6,12,6,0,0,0,0,2,4,28,2016
803,4,12,12,13,1,0,0,0,2,5,3,2016
804,4,11,22,6,0,0,0,0,2,5,4,2016
805,1,12,22,13,0,0,0,0,2,5,5,2016
806,6,17,19,11,0,0,0,0,2,5,7,2016
807,2,17,10,11,1,0,0,0,2,5,10,2016
808,8,16,9,5,1,0,0,0,2,5,12,2016
809,1,19,5,8,1,0,0,1,2,5,13,2016
810,7,11,12,18,1,0,0,0,2,5,14,2016
811,3,9,15,6,0,0,0,0,2,5,15,2016
812,1,13,11,13,1,0,0,0,2,5,19,2016
813,1,16,11,8,1,0,0,0,2,5,20,2016
814,6,10,11,6,0,1,0,0,2,5,24,2016
815,1,15,14,8,0,0,0,0,2,5,26,2016
816,4,16,7,10,1,0,0,0,2,6,1,2016
817,3,12,10,14,1,0,0,0,2,6,2,2016
818,5,12,11,11,0,0,0,0,2,6,3,2016
819,2,14,10,11,0,0,0,0,2,6,4,2016
820,2,18,5,3,0,1,0,0,2,6,6,2016
821,1,18,9,8,0,0,0,0,2,6,9,2016
822,3,19,13,5,1,0,0,0,2,6,11,2016
823,8,17,13,13,1,0,0,0,2,6,14,2016
824,3,16,11,11,1,0,0,0,2,6,15,2016
825,1,17,12,5,1,0,0,1,2,6,16,2016
826,7,17,12,11,1,0,0,1,2,6,17,2016
827,2,17,13,13,1,0,0,0,2,6,20,2016
828,4,19,12,10,1,0,0,0,2,6,21,2016
829,5,26,17,8,0,0,0,1,2,6,23,2016
830,3,21,11,8,0,0,0,0,2,6,24,2016
831,2,18,15,11,1,0,0,0,2,6,25,2016
832,4,17,13,10,0,0,0,0,2,6,26,2016
833,1,18,11,8,1,0,0,0,2,6,27,2016
834,1,19,11,16,1,0,0,0,2,6,30,2016
835,8,19,10,19,1,0,0,0,3,7,1,2016
836,1,17,11,14,1,0,0,0,3,7,2,2016
837,1,18,10,6,1,1,0,0,3,7,4,2016
838,6,19,13,8,0,0,0,0,3,7,5,2016
839,3,17,14,6,0,0,0,0,3,7,6,2016
840,2,20,23,6,0,0,0,0,3,7,7,2016
841,1,21,18,10,0,0,0,0,3,7,8,2016
842,2,23,20,10,0,0,0,0,3,7,10,2016
843,2,20,10,18,0,0,0,0,3,7,11,2016
844,7,15,14,10,1,0,0,0,3,7,13,2016
845,3,16,14,10,1,0,0,0,3,7,14,2016
846,1,23,23,6,0,0,0,0,3,7,18,2016
847,3,21,14,6,0,0,0,0,3,7,24,2016
848,3,23,12,5,0,0,0,0,3,7,25,2016
849,2,18,12,10,0,0,0,0,3,7,26,2016
850,3,19,12,11,1,0,0,0,3,8,2,2016
851,4,21,12,13,1,0,0,0,3,8,3,2016
852,10,19,11,11,1,0,0,0,3,8,4,2016
853,1,19,12,11,0,0,0,0,3,8,8,2016
854,4,17,19,10,0,0,0,0,3,8,9,2016
855,10,20,15,8,0,0,0,0,3,8,12,2016
856,17,19,22,6,0,0,0,0,3,8,14,2016
857,2,20,25,13,0,0,0,0,3,8,15,2016
858,1,17,22,10,0,0,0,0,3,8,16,2016
859,3,22,11,11,1,0,0,0,3,8,18,2016
860,1,20,9,8,1,0,0,0,3,8,19,2016
861,2,20,14,14,1,0,0,0,3,8,20,2016
862,3,18,12,18,1,0,0,0,3,8,21,2016
863,2,22,20,8,0,0,0,0,3,8,22,2016
864,4,27,20,5,0,0,0,0,3,8,26,2016
865,12,21,19,5,0,0,0,0,3,8,31,2016
866,2,21,22,6,0,0,0,0,3,9,2,2016
867,2,21,18,5,0,0,0,0,3,9,3,2016
868,5,20,11,10,1,0,0,0,3,9,4,2016
869,2,17,9,6,1,0,0,0,3,9,5,2016
870,1,21,12,3,0,0,0,0,3,9,6,2016
871,2,21,13,8,0,0,0,0,3,9,7,2016
872,5,22,11,8,1,0,0,0,3,9,11,2016
873,1,24,24,6,0,0,0,0,3,9,12,2016
874,1,23,13,11,0,0,0,0,3,9,14,2016
875,2,17,11,8,1,1,0,0,3,9,18,2016
876,5,18,12,6,1,0,0,0,3,9,20,2016
877,8,16,15,5,0,0,0,0,3,9,21,2016
878,1,17,12,5,0,0,0,0,3,9,22,2016
879,2,18,17,5,0,0,0,0,3,9,23,2016
880,4,17,17,10,0,0,0,0,3,9,24,2016
881,5,16,11,6,1,0,0,0,3,9,25,2016
882,5,16,24,6,0,0,0,0,3,9,27,2016
883,11,20,11,8,0,0,0,0,3,9,28,2016
884,12,16,11,6,1,0,0,0,3,9,30,2016
885,9,12,15,3,0,0,0,0,4,10,3,2016
886,4,13,10,11,0,0,0,0,4,10,4,2016
887,6,12,24,16,0,0,0,0,4,10,5,2016
888,2,10,14,18,0,0,0,0,4,10,6,2016
889,16,12,11,14,0,0,0,0,4,10,7,2016
890,3,9,10,5,0,0,0,0,4,10,9,2016
891,3,8,13,2,1,0,0,0,4,10,10,2016
892,3,8,7,6,0,1,0,0,4,10,11,2016
893,10,8,7,8,0,1,0,0,4,10,12,2016
894,7,11,10,10,1,0,0,0,4,10,14,2016
895,2,12,8,11,0,0,0,0,4,10,15,2016
896,5,11,8,6,1,1,0,0,4,10,18,2016
897,5,10,13,10,1,0,0,0,4,10,19,2016
898,8,11,12,6,0,0,0,0,4,10,21,2016
900,6,8,7,10,1,1,0,0,4,10,23,2016
901,2,10,5,5,0,1,0,0,4,10,26,2016
902,11,12,6,5,0,1,0,0,4,10,27,2016
903,5,11,9,2,1,1,0,0,4,10,28,2016
904,4,12,9,8,0,0,0,0,4,10,30,2016
905,1,5,9,6,1,0,0,0,4,11,4,2016
906,3,9,8,6,1,0,0,0,4,11,5,2016
907,4,3,10,11,1,0,1,0,4,11,7,2016
908,7,7,9,18,1,0,0,0,4,11,9,2016
909,4,8,10,14,1,0,0,0,4,11,10,2016
910,3,5,11,10,1,0,0,0,4,11,11,2016
911,7,7,9,6,0,0,0,0,4,11,14,2016
912,9,12,9,13,1,0,0,0,4,11,16,2016
913,2,9,11,26,1,0,0,0,4,11,18,2016
914,4,11,10,31,1,0,0,0,4,11,20,2016
915,3,10,11,21,1,0,0,0,4,11,22,2016
916,5,11,16,11,0,0,0,0,4,11,24,2016
917,3,8,9,18,0,0,0,0,4,11,25,2016
918,5,7,8,11,1,0,0,0,4,11,27,2016
919,6,1,24,14,0,0,0,0,4,11,29,2016
920,1,1,6,3,0,0,0,0,4,12,1,2016
921,11,2,5,2,1,0,0,0,4,12,2,2016
922,1,3,7,6,0,0,0,0,4,12,5,2016
923,17,5,5,5,0,0,0,0,4,12,6,2016
924,4,5,6,8,0,0,0,0,4,12,7,2016
925,1,4,6,6,0,0,0,0,4,12,8,2016
926,3,6,7,5,0,0,0,0,4,12,9,2016
927,1,3,4,6,0,1,0,0,4,12,10,2016
928,9,8,8,6,1,1,0,0,4,12,11,2016
929,13,3,8,10,1,1,0,0,4,12,12,2016
930,25,4,6,8,0,0,0,0,4,12,15,2016
931,11,7,13,8,0,0,0,0,4,12,16,2016
932,4,3,5,5,0,1,0,0,4,12,17,2016
933,9,3,5,6,0,0,0,0,4,12,18,2016
934,7,4,10,13,1,0,0,0,4,12,21,2016
935,1,4,6,6,0,1,0,0,4,12,23,2016
936,4,8,11,14,1,0,0,0,4,12,24,2016
937,11,7,11,11,1,0,0,0,4,12,26,2016
938,2,3,11,3,0,0,0,0,4,12,27,2016
939,5,3,10,6,0,0,0,0,4,12,28,2016
940,5,-1,3,8,0,1,0,0,4,12,29,2016
941,8,-2,1,3,0,1,0,0,4,12,30,2016
942,2,-3,1,5,0,1,1,0,4,12,31,2016
943,5,-2,7,11,0,0,0,0,1,1,1,2017
944,1,1,5,6,1,1,1,0,1,1,2,2017
945,3,3,13,13,1,0,0,0,1,1,4,2017
946,4,-1,15,5,0,0,0,0,1,1,6,2017
947,2,6,7,6,1,1,0,0,1,1,9,2017
948,1,7,11,11,1,0,0,0,1,1,11,2017
949,1,3,11,23,1,0,1,0,1,1,13,2017
950,3,2,11,11,1,0,0,0,1,1,14,2017
951,1,1,8,6,0,0,0,0,1,1,16,2017
952,4,-3,6,10,0,0,0,0,1,1,17,2017
953,1,-2,14,14,0,0,0,0,1,1,18,2017
954,8,-2,12,10,0,0,0,0,1,1,20,2017
955,1,-2,6,5,0,0,0,0,1,1,21,2017
956,1,-1,6,5,0,0,0,0,1,1,22,2017
957,1,-2,3,8,0,1,0,0,1,1,23,2017
958,3,-1,3,3,0,1,0,0,1,1,24,2017
959,1,3,8,8,1,0,1,0,1,1,27,2017
960,7,9,10,13,1,1,0,0,1,1,30,2017
961,2,11,10,11,0,0,0,0,1,2,1,2017
962,5,7,11,11,1,0,0,0,1,2,5,2017
963,3,7,13,14,1,0,0,0,1,2,6,2017
964,2,4,10,6,0,1,0,0,1,2,8,2017
965,2,3,6,8,1,0,0,0,1,2,12,2017
966,5,11,11,18,0,0,0,0,1,2,21,2017
967,6,11,10,26,1,0,0,0,1,2,23,2017
968,6,6,12,16,0,0,0,0,1,2,24,2017
969,2,9,10,31,1,0,0,0,1,2,27,2017
970,6,9,10,24,1,0,0,0,1,3,1,2017
971,1,7,11,19,1,0,0,0,1,3,6,2017
972,3,7,11,11,1,0,0,0,1,3,7,2017
973,11,9,11,6,0,0,0,0,1,3,11,2017
974,2,12,12,6,0,0,0,0,1,3,15,2017
975,3,11,10,10,0,0,0,0,1,3,17,2017
976,10,12,11,18,0,0,0,0,1,3,19,2017
977,6,11,10,16,0,0,0,0,1,3,20,2017
978,24,8,10,16,1,0,0,0,1,3,21,2017
979,7,9,12,14,1,0,0,0,1,3,22,2017
980,2,9,11,13,1,0,0,1,1,3,23,2017
981,3,11,7,6,1,0,0,0,1,3,24,2017
982,4,12,13,8,0,0,0,0,1,3,27,2017
983,1,13,12,8,0,0,0,0,1,3,29,2017
984,8,16,12,10,0,0,0,0,1,3,30,2017
985,3,14,10,11,1,0,0,0,1,3,31,2017
986,12,13,11,10,0,0,0,0,2,4,1,2017
987,2,12,10,6,0,0,0,0,2,4,3,2017
988,1,12,12,6,0,0,0,0,2,4,4,2017
989,1,11,9,13,0,0,0,0,2,4,5,2017
990,1,10,13,10,0,0,0,0,2,4,6,2017
991,13,11,15,5,0,0,0,0,2,4,7,2017
992,13,13,7,6,0,0,0,0,2,4,8,2017
993,7,13,10,10,0,0,0,0,2,4,10,2017
994,6,13,13,6,0,0,0,0,2,4,14,2017
995,5,12,12,10,1,0,0,0,2,4,15,2017
996,6,10,13,11,1,0,0,0,2,4,17,2017
997,1,7,14,13,0,0,0,0,2,4,19,2017
998,3,9,19,6,0,0,0,0,2,4,24,2017
999,3,8,11,10,1,0,0,0,2,4,25,2017
1000,1,6,11,10,1,0,0,1,2,4,26,2017
1001,2,7,11,11,0,0,0,0,2,4,27,2017
1002,3,10,8,8,0,1,0,0,2,4,29,2017
1003,3,12,6,11,0,0,0,0,2,5,5,2017
1004,1,10,14,13,0,0,0,0,2,5,9,2017
1005,18,17,12,10,1,0,0,0,2,5,11,2017
1006,1,17,11,13,1,0,0,1,2,5,12,2017
1007,2,16,11,11,0,0,0,0,2,5,13,2017
1008,12,21,22,6,0,0,0,0,2,5,16,2017
1009,2,22,15,10,1,0,0,0,2,5,17,2017
1010,4,16,10,11,1,0,0,0,2,5,18,2017
1011,20,13,10,16,1,0,0,0,2,5,19,2017
1012,2,13,10,10,0,0,0,0,2,5,20,2017
1013,2,14,15,8,0,0,0,0,2,5,21,2017
1014,2,19,11,6,0,0,0,0,2,5,24,2017
1015,3,20,22,13,0,0,0,0,2,5,25,2017
1016,4,21,20,14,0,0,0,0,2,5,26,2017
1017,5,24,16,8,0,0,0,1,2,5,29,2017
1018,2,19,12,11,0,0,0,0,2,5,30,2017
1019,1,21,20,8,0,0,0,0,2,6,1,2017
1020,8,22,14,5,1,0,0,1,2,6,2,2017
1021,3,17,10,6,1,0,0,0,2,6,3,2017
1022,5,14,15,8,0,0,0,0,2,6,4,2017
1023,5,14,11,24,1,0,0,1,2,6,6,2017
1024,1,16,11,23,0,0,0,0,2,6,7,2017
1025,2,20,24,8,0,0,0,0,2,6,10,2017
1026,3,22,29,10,0,0,0,0,2,6,14,2017
1027,1,23,18,8,0,0,0,0,2,6,15,2017
1028,1,18,12,13,0,0,0,0,2,6,16,2017
1029,4,19,13,6,0,0,0,0,2,6,17,2017
1030,3,23,20,11,0,0,0,0,2,6,18,2017
1031,6,24,19,8,0,0,0,0,2,6,19,2017
1032,3,26,20,8,0,0,0,0,2,6,20,2017
1033,3,29,19,6,0,0,0,1,2,6,21,2017
1034,11,21,14,11,0,0,0,0,2,6,24,2017
1035,4,23,11,13,0,0,0,0,2,6,25,2017
1036,1,19,10,11,1,0,0,1,2,6,29,2017
1037,4,17,10,16,1,0,0,0,2,6,30,2017
1038,5,18,10,11,1,0,0,0,3,7,2,2017
1039,3,20,15,3,0,0,0,0,3,7,4,2017
1040,4,24,25,8,0,0,0,0,3,7,5,2017
1041,7,28,12,10,1,0,0,1,3,7,6,2017
1042,1,26,24,6,0,0,0,0,3,7,7,2017
1043,5,23,23,8,0,0,0,0,3,7,8,2017
1044,1,23,10,10,1,0,0,1,3,7,9,2017
1045,2,19,10,10,1,0,0,1,3,7,10,2017
1046,1,20,11,8,1,0,0,0,3,7,11,2017
1047,5,19,10,10,0,0,0,0,3,7,13,2017
1048,5,18,11,11,0,0,0,0,3,7,14,2017
1049,2,19,18,6,0,0,0,0,3,7,15,2017
1050,1,22,14,6,0,0,0,0,3,7,17,2017
1051,5,27,10,13,1,0,0,0,3,7,19,2017
1052,3,20,11,18,0,0,0,0,3,7,20,2017
1053,1,18,12,14,1,0,0,1,3,7,22,2017
1054,2,17,12,14,1,0,0,0,3,7,23,2017
1055,10,19,11,13,0,0,0,0,3,7,25,2017
1056,2,18,12,8,1,0,0,0,3,7,26,2017
1057,3,19,10,13,1,0,0,0,3,7,27,2017
1058,1,19,11,11,0,0,0,0,3,7,28,2017
1059,6,23,11,19,0,0,0,0,3,7,29,2017
1060,15,23,12,23,0,0,0,0,3,7,30,2017
1061,1,23,14,16,1,0,0,0,3,8,3,2017
1062,3,22,12,16,0,0,0,0,3,8,4,2017
1064,4,17,11,10,1,0,0,1,3,8,8,2017
1065,4,16,10,6,1,0,0,1,3,8,9,2017
1066,4,17,9,6,0,0,0,0,3,8,11,2017
1067,4,18,12,5,0,0,0,0,3,8,13,2017
1068,4,22,12,10,1,0,0,1,3,8,15,2017
1069,2,19,10,6,0,0,0,0,3,8,16,2017
1070,4,21,10,10,1,0,0,0,3,8,17,2017
1071,16,21,9,6,0,1,0,0,3,8,22,2017
1072,4,22,17,8,0,0,0,0,3,8,23,2017
1073,19,19,13,3,0,0,0,0,3,8,24,2017
1074,2,23,15,5,0,0,0,0,3,8,28,2017
1075,2,16,13,5,0,0,0,0,3,9,2,2017
1076,1,19,11,6,0,0,0,0,3,9,4,2017
1077,1,17,13,11,1,0,0,0,3,9,7,2017
1078,2,14,10,11,1,0,0,0,3,9,10,2017
1079,2,15,9,26,1,0,0,0,3,9,13,2017
1080,4,14,11,18,1,0,0,0,3,9,14,2017
1081,2,13,13,10,1,0,0,0,3,9,15,2017
1082,3,12,12,5,1,0,0,0,3,9,16,2017
1083,4,12,13,6,1,0,0,1,3,9,17,2017
1084,2,11,8,5,1,1,0,1,3,9,18,2017
1085,9,13,10,6,1,0,0,0,3,9,19,2017
1086,1,12,12,3,0,0,0,0,3,9,20,2017
1087,21,14,15,8,0,0,0,0,3,9,21,2017
1088,1,16,13,5,0,0,0,0,3,9,22,2017
1089,4,17,17,6,1,0,0,0,3,9,25,2017
1090,1,15,9,6,0,1,0,0,3,9,27,2017
1091,1,17,11,6,1,0,0,0,3,9,28,2017
1092,8,19,11,8,1,0,0,1,3,9,29,2017
1093,4,16,12,8,1,0,0,0,3,9,30,2017
1094,5,14,10,13,1,0,0,0,4,10,1,2017
1095,1,17,10,14,1,0,0,0,4,10,2,2017
1096,4,13,9,10,1,0,0,0,4,10,3,2017
1097,2,12,16,5,0,0,0,0,4,10,4,2017
1098,2,13,10,10,1,0,0,0,4,10,5,2017
1099,4,11,12,6,0,1,0,0,4,10,6,2017
1100,5,10,14,6,1,0,0,0,4,10,7,2017
1101,1,13,12,3,1,0,0,0,4,10,9,2017
1102,1,14,10,6,1,1,0,0,4,10,10,2017
1103,1,17,10,13,0,0,0,0,4,10,11,2017
1104,4,17,11,13,0,0,0,0,4,10,12,2017
1105,1,18,12,5,0,0,0,0,4,10,13,2017
